seq,S_code,domain,start,end,motif_name,motif_seq,inter_motif_seq,C_subtype,C_score,loop_group,loop_length,loop_seq
Seq 2VSQ_1|Chain A|SURFACTIN SYNTHETASE SUBUNIT 3|BACILLUS SUBTILIS (1423),"",Condensation,1,13,inter,,MSQFSKDQVQDMY,DCL,536.9,"","",""
Seq 2VSQ_1|Chain A|SURFACTIN SYNTHETASE SUBUNIT 3|BACILLUS SUBTILIS (1423),"",Condensation,14,28,1,YLSPMQEGMLFHAIL,,DCL,536.9,"","",""
Seq 2VSQ_1|Chain A|SURFACTIN SYNTHETASE SUBUNIT 3|BACILLUS SUBTILIS (1423),"",Condensation,29,62,inter,,NPGQSFYLEQITMKVKGSLNIKCLEESMNVIMDR,DCL,536.9,"","",""
Seq 2VSQ_1|Chain A|SURFACTIN SYNTHETASE SUBUNIT 3|BACILLUS SUBTILIS (1423),"",Condensation,63,71,2,YDVFRTVFI,,DCL,536.9,"","",""
Seq 2VSQ_1|Chain A|SURFACTIN SYNTHETASE SUBUNIT 3|BACILLUS SUBTILIS (1423),"",Condensation,72,146,inter,,HEKVKRPVQVVLKKRQFHIEEIDLTHLTGSEQTAKINEYKEQDKIRGFDLTRDIPMRAAIFKKAEESFEWVWSYH,DCL,536.9,"","",""
Seq 2VSQ_1|Chain A|SURFACTIN SYNTHETASE SUBUNIT 3|BACILLUS SUBTILIS (1423),"",Condensation,147,155,3,HIILDGWCF,,DCL,536.9,"","",""
Seq 2VSQ_1|Chain A|SURFACTIN SYNTHETASE SUBUNIT 3|BACILLUS SUBTILIS (1423),"",Condensation,156,183,inter,,GIVVQDLFKVYNALREQKPYSLPPVKPY,DCL,536.9,"","",""
Seq 2VSQ_1|Chain A|SURFACTIN SYNTHETASE SUBUNIT 3|BACILLUS SUBTILIS (1423),"",Condensation,184,191,4,KDYIKWLE,,DCL,536.9,"","",""
Seq 2VSQ_1|Chain A|SURFACTIN SYNTHETASE SUBUNIT 3|BACILLUS SUBTILIS (1423),"",Condensation,192,274,inter,,KQDKQASLRYWREYLEGFEGQTTFAEQRKKQKDGYEPKELLFSPSEAETKAFTELAKSQHTTLSTALQAVWSVLISRYQQSGD,DCL,536.9,"","",""
Seq 2VSQ_1|Chain A|SURFACTIN SYNTHETASE SUBUNIT 3|BACILLUS SUBTILIS (1423),"",Condensation,275,306,5,LAFGTVVSGRPAEIKGVEHMVGLFINVVPRRV,,DCL,536.9,"","",""
Seq 2VSQ_1|Chain A|SURFACTIN SYNTHETASE SUBUNIT 3|BACILLUS SUBTILIS (1423),"",Condensation,307,331,inter,,KLSEGITFNGLLKRLQEQSLQSEPH,DCL,536.9,"","",""
Seq 2VSQ_1|Chain A|SURFACTIN SYNTHETASE SUBUNIT 3|BACILLUS SUBTILIS (1423),"",Condensation,332,341,6,QYVPLYDIQS,,DCL,536.9,"","",""
Seq 2VSQ_1|Chain A|SURFACTIN SYNTHETASE SUBUNIT 3|BACILLUS SUBTILIS (1423),"",Condensation,342,348,inter,,QADQPKL,DCL,536.9,"","",""
Seq 2VSQ_1|Chain A|SURFACTIN SYNTHETASE SUBUNIT 3|BACILLUS SUBTILIS (1423),"",Condensation,349,360,7,IDHIIVFENYPL,,DCL,536.9,"","",""
Seq 2VSQ_1|Chain A|SURFACTIN SYNTHETASE SUBUNIT 3|BACILLUS SUBTILIS (1423),"D,A,F,F,L,G,C,V,F",AMP-binding,361,478,inter,,QDAKNEESSENGFDMVDVHVFEKSNYDLNLMASPGDEMLIKLAYNENVFDEAFILRLKSQLLTAIQQLIQNPDQPVSTINLVDDREREFLLTGLNPPAQAHETKPLTYWFKEAVNANP,-,-,"5","37,46,25,25,26","GNITTHANIQGLVKHVDYMAFSDQDTFLSVSNYAFDA,FTFDFYASMLNAARLIIADEHTLLDTERLTDLILQENVNVMFATTA,LFNLLTDAGEDWMKGLRCILFGGER,ASVPHVRKALRIMGPGKLINCYGPT,EGTVFATAHVVHDLPDSISSLPIGKP"
Seq 2VSQ_1|Chain A|SURFACTIN SYNTHETASE SUBUNIT 3|BACILLUS SUBTILIS (1423),"D,A,F,F,L,G,C,V,F",AMP-binding,479,483,A_alpha,DAPAL,,-,-,"5","37,46,25,25,26","GNITTHANIQGLVKHVDYMAFSDQDTFLSVSNYAFDA,FTFDFYASMLNAARLIIADEHTLLDTERLTDLILQENVNVMFATTA,LFNLLTDAGEDWMKGLRCILFGGER,ASVPHVRKALRIMGPGKLINCYGPT,EGTVFATAHVVHDLPDSISSLPIGKP"
Seq 2VSQ_1|Chain A|SURFACTIN SYNTHETASE SUBUNIT 3|BACILLUS SUBTILIS (1423),"D,A,F,F,L,G,C,V,F",AMP-binding,484,490,inter,,TYSGQTL,-,-,"5","37,46,25,25,26","GNITTHANIQGLVKHVDYMAFSDQDTFLSVSNYAFDA,FTFDFYASMLNAARLIIADEHTLLDTERLTDLILQENVNVMFATTA,LFNLLTDAGEDWMKGLRCILFGGER,ASVPHVRKALRIMGPGKLINCYGPT,EGTVFATAHVVHDLPDSISSLPIGKP"
Seq 2VSQ_1|Chain A|SURFACTIN SYNTHETASE SUBUNIT 3|BACILLUS SUBTILIS (1423),"D,A,F,F,L,G,C,V,F",AMP-binding,491,496,1,SYRELD,,-,-,"5","37,46,25,25,26","GNITTHANIQGLVKHVDYMAFSDQDTFLSVSNYAFDA,FTFDFYASMLNAARLIIADEHTLLDTERLTDLILQENVNVMFATTA,LFNLLTDAGEDWMKGLRCILFGGER,ASVPHVRKALRIMGPGKLINCYGPT,EGTVFATAHVVHDLPDSISSLPIGKP"
Seq 2VSQ_1|Chain A|SURFACTIN SYNTHETASE SUBUNIT 3|BACILLUS SUBTILIS (1423),"D,A,F,F,L,G,C,V,F",AMP-binding,497,532,inter,,EEANRIARRLQKHGAGKGSVVALYTKRSLELVIGIL,-,-,"5","37,46,25,25,26","GNITTHANIQGLVKHVDYMAFSDQDTFLSVSNYAFDA,FTFDFYASMLNAARLIIADEHTLLDTERLTDLILQENVNVMFATTA,LFNLLTDAGEDWMKGLRCILFGGER,ASVPHVRKALRIMGPGKLINCYGPT,EGTVFATAHVVHDLPDSISSLPIGKP"
Seq 2VSQ_1|Chain A|SURFACTIN SYNTHETASE SUBUNIT 3|BACILLUS SUBTILIS (1423),"D,A,F,F,L,G,C,V,F",AMP-binding,533,546,2,GVLKAGAAYLPVDP,,-,-,"5","37,46,25,25,26","GNITTHANIQGLVKHVDYMAFSDQDTFLSVSNYAFDA,FTFDFYASMLNAARLIIADEHTLLDTERLTDLILQENVNVMFATTA,LFNLLTDAGEDWMKGLRCILFGGER,ASVPHVRKALRIMGPGKLINCYGPT,EGTVFATAHVVHDLPDSISSLPIGKP"
Seq 2VSQ_1|Chain A|SURFACTIN SYNTHETASE SUBUNIT 3|BACILLUS SUBTILIS (1423),"D,A,F,F,L,G,C,V,F",AMP-binding,547,609,inter,,KLPEDRISYMLADSAAACLLTHQEMKEQAAELPYTGTTLFIDDQTRFEEQASDPATAIDPNDP,-,-,"5","37,46,25,25,26","GNITTHANIQGLVKHVDYMAFSDQDTFLSVSNYAFDA,FTFDFYASMLNAARLIIADEHTLLDTERLTDLILQENVNVMFATTA,LFNLLTDAGEDWMKGLRCILFGGER,ASVPHVRKALRIMGPGKLINCYGPT,EGTVFATAHVVHDLPDSISSLPIGKP"
Seq 2VSQ_1|Chain A|SURFACTIN SYNTHETASE SUBUNIT 3|BACILLUS SUBTILIS (1423),"D,A,F,F,L,G,C,V,F",AMP-binding,610,625,3,AYIMYTSGTTGKPKGN,,-,-,"5","37,46,25,25,26","GNITTHANIQGLVKHVDYMAFSDQDTFLSVSNYAFDA,FTFDFYASMLNAARLIIADEHTLLDTERLTDLILQENVNVMFATTA,LFNLLTDAGEDWMKGLRCILFGGER,ASVPHVRKALRIMGPGKLINCYGPT,EGTVFATAHVVHDLPDSISSLPIGKP"
Seq 2VSQ_1|Chain A|SURFACTIN SYNTHETASE SUBUNIT 3|BACILLUS SUBTILIS (1423),"D,A,F,F,L,G,C,V,F",AMP-binding,626,658,inter,,ITTHANIQGLVKHVDYMAFSDQDTFLSVSNYAF,-,-,"5","37,46,25,25,26","GNITTHANIQGLVKHVDYMAFSDQDTFLSVSNYAFDA,FTFDFYASMLNAARLIIADEHTLLDTERLTDLILQENVNVMFATTA,LFNLLTDAGEDWMKGLRCILFGGER,ASVPHVRKALRIMGPGKLINCYGPT,EGTVFATAHVVHDLPDSISSLPIGKP"
Seq 2VSQ_1|Chain A|SURFACTIN SYNTHETASE SUBUNIT 3|BACILLUS SUBTILIS (1423),"D,A,F,F,L,G,C,V,F",AMP-binding,659,662,4,DAFT,,-,-,"5","37,46,25,25,26","GNITTHANIQGLVKHVDYMAFSDQDTFLSVSNYAFDA,FTFDFYASMLNAARLIIADEHTLLDTERLTDLILQENVNVMFATTA,LFNLLTDAGEDWMKGLRCILFGGER,ASVPHVRKALRIMGPGKLINCYGPT,EGTVFATAHVVHDLPDSISSLPIGKP"
Seq 2VSQ_1|Chain A|SURFACTIN SYNTHETASE SUBUNIT 3|BACILLUS SUBTILIS (1423),"D,A,F,F,L,G,C,V,F",AMP-binding,663,751,inter,,FDFYASMLNAARLIIADEHTLLDTERLTDLILQENVNVMFATTALFNLLTDAGEDWMKGLRCILFGGERASVPHVRKALRIMGPGKLIN,-,-,"5","37,46,25,25,26","GNITTHANIQGLVKHVDYMAFSDQDTFLSVSNYAFDA,FTFDFYASMLNAARLIIADEHTLLDTERLTDLILQENVNVMFATTA,LFNLLTDAGEDWMKGLRCILFGGER,ASVPHVRKALRIMGPGKLINCYGPT,EGTVFATAHVVHDLPDSISSLPIGKP"
Seq 2VSQ_1|Chain A|SURFACTIN SYNTHETASE SUBUNIT 3|BACILLUS SUBTILIS (1423),"D,A,F,F,L,G,C,V,F",AMP-binding,752,758,5,CYGPTEG,,-,-,"5","37,46,25,25,26","GNITTHANIQGLVKHVDYMAFSDQDTFLSVSNYAFDA,FTFDFYASMLNAARLIIADEHTLLDTERLTDLILQENVNVMFATTA,LFNLLTDAGEDWMKGLRCILFGGER,ASVPHVRKALRIMGPGKLINCYGPT,EGTVFATAHVVHDLPDSISSLPIGKP"
Seq 2VSQ_1|Chain A|SURFACTIN SYNTHETASE SUBUNIT 3|BACILLUS SUBTILIS (1423),"D,A,F,F,L,G,C,V,F",AMP-binding,759,779,inter,,TVFATAHVVHDLPDSISSLPI,-,-,"5","37,46,25,25,26","GNITTHANIQGLVKHVDYMAFSDQDTFLSVSNYAFDA,FTFDFYASMLNAARLIIADEHTLLDTERLTDLILQENVNVMFATTA,LFNLLTDAGEDWMKGLRCILFGGER,ASVPHVRKALRIMGPGKLINCYGPT,EGTVFATAHVVHDLPDSISSLPIGKP"
Seq 2VSQ_1|Chain A|SURFACTIN SYNTHETASE SUBUNIT 3|BACILLUS SUBTILIS (1423),"D,A,F,F,L,G,C,V,F",AMP-binding,780,784,6,GKPIS,,-,-,"5","37,46,25,25,26","GNITTHANIQGLVKHVDYMAFSDQDTFLSVSNYAFDA,FTFDFYASMLNAARLIIADEHTLLDTERLTDLILQENVNVMFATTA,LFNLLTDAGEDWMKGLRCILFGGER,ASVPHVRKALRIMGPGKLINCYGPT,EGTVFATAHVVHDLPDSISSLPIGKP"
Seq 2VSQ_1|Chain A|SURFACTIN SYNTHETASE SUBUNIT 3|BACILLUS SUBTILIS (1423),"D,A,F,F,L,G,C,V,F",AMP-binding,785,804,inter,,NASVYILNEQSQLQPFGAVG,-,-,"5","37,46,25,25,26","GNITTHANIQGLVKHVDYMAFSDQDTFLSVSNYAFDA,FTFDFYASMLNAARLIIADEHTLLDTERLTDLILQENVNVMFATTA,LFNLLTDAGEDWMKGLRCILFGGER,ASVPHVRKALRIMGPGKLINCYGPT,EGTVFATAHVVHDLPDSISSLPIGKP"
Seq 2VSQ_1|Chain A|SURFACTIN SYNTHETASE SUBUNIT 3|BACILLUS SUBTILIS (1423),"D,A,F,F,L,G,C,V,F",AMP-binding,805,819,G,ELCISGMGVSKGYVN,,-,-,"5","37,46,25,25,26","GNITTHANIQGLVKHVDYMAFSDQDTFLSVSNYAFDA,FTFDFYASMLNAARLIIADEHTLLDTERLTDLILQENVNVMFATTA,LFNLLTDAGEDWMKGLRCILFGGER,ASVPHVRKALRIMGPGKLINCYGPT,EGTVFATAHVVHDLPDSISSLPIGKP"
Seq 2VSQ_1|Chain A|SURFACTIN SYNTHETASE SUBUNIT 3|BACILLUS SUBTILIS (1423),"D,A,F,F,L,G,C,V,F",AMP-binding,820,840,inter,,RADLTKEKFIENPFKPGETLY,-,-,"5","37,46,25,25,26","GNITTHANIQGLVKHVDYMAFSDQDTFLSVSNYAFDA,FTFDFYASMLNAARLIIADEHTLLDTERLTDLILQENVNVMFATTA,LFNLLTDAGEDWMKGLRCILFGGER,ASVPHVRKALRIMGPGKLINCYGPT,EGTVFATAHVVHDLPDSISSLPIGKP"
Seq 2VSQ_1|Chain A|SURFACTIN SYNTHETASE SUBUNIT 3|BACILLUS SUBTILIS (1423),"D,A,F,F,L,G,C,V,F",AMP-binding,841,846,7,RTGDLA,,-,-,"5","37,46,25,25,26","GNITTHANIQGLVKHVDYMAFSDQDTFLSVSNYAFDA,FTFDFYASMLNAARLIIADEHTLLDTERLTDLILQENVNVMFATTA,LFNLLTDAGEDWMKGLRCILFGGER,ASVPHVRKALRIMGPGKLINCYGPT,EGTVFATAHVVHDLPDSISSLPIGKP"
Seq 2VSQ_1|Chain A|SURFACTIN SYNTHETASE SUBUNIT 3|BACILLUS SUBTILIS (1423),"D,A,F,F,L,G,C,V,F",AMP-binding,847,858,inter,,RWLPDGTIEYAG,-,-,"5","37,46,25,25,26","GNITTHANIQGLVKHVDYMAFSDQDTFLSVSNYAFDA,FTFDFYASMLNAARLIIADEHTLLDTERLTDLILQENVNVMFATTA,LFNLLTDAGEDWMKGLRCILFGGER,ASVPHVRKALRIMGPGKLINCYGPT,EGTVFATAHVVHDLPDSISSLPIGKP"
Seq 2VSQ_1|Chain A|SURFACTIN SYNTHETASE SUBUNIT 3|BACILLUS SUBTILIS (1423),"D,A,F,F,L,G,C,V,F",AMP-binding,859,868,8,RIDDQVKIRG,,-,-,"5","37,46,25,25,26","GNITTHANIQGLVKHVDYMAFSDQDTFLSVSNYAFDA,FTFDFYASMLNAARLIIADEHTLLDTERLTDLILQENVNVMFATTA,LFNLLTDAGEDWMKGLRCILFGGER,ASVPHVRKALRIMGPGKLINCYGPT,EGTVFATAHVVHDLPDSISSLPIGKP"
Seq 2VSQ_1|Chain A|SURFACTIN SYNTHETASE SUBUNIT 3|BACILLUS SUBTILIS (1423),"D,A,F,F,L,G,C,V,F",AMP-binding,869,926,inter,,HRIELEEIEKQLQEYPGVKDAVVVADRHESGDASINAYLVNRTQLSAEDVKAHLKKQL,-,-,"5","37,46,25,25,26","GNITTHANIQGLVKHVDYMAFSDQDTFLSVSNYAFDA,FTFDFYASMLNAARLIIADEHTLLDTERLTDLILQENVNVMFATTA,LFNLLTDAGEDWMKGLRCILFGGER,ASVPHVRKALRIMGPGKLINCYGPT,EGTVFATAHVVHDLPDSISSLPIGKP"
Seq 2VSQ_1|Chain A|SURFACTIN SYNTHETASE SUBUNIT 3|BACILLUS SUBTILIS (1423),"D,A,F,F,L,G,C,V,F",AMP-binding,927,933,9,PAYMVPQ,,-,-,"5","37,46,25,25,26","GNITTHANIQGLVKHVDYMAFSDQDTFLSVSNYAFDA,FTFDFYASMLNAARLIIADEHTLLDTERLTDLILQENVNVMFATTA,LFNLLTDAGEDWMKGLRCILFGGER,ASVPHVRKALRIMGPGKLINCYGPT,EGTVFATAHVVHDLPDSISSLPIGKP"
Seq 2VSQ_1|Chain A|SURFACTIN SYNTHETASE SUBUNIT 3|BACILLUS SUBTILIS (1423),"D,A,F,F,L,G,C,V,F",AMP-binding,934,946,inter,,TFTFLDELPLTTN,-,-,"5","37,46,25,25,26","GNITTHANIQGLVKHVDYMAFSDQDTFLSVSNYAFDA,FTFDFYASMLNAARLIIADEHTLLDTERLTDLILQENVNVMFATTA,LFNLLTDAGEDWMKGLRCILFGGER,ASVPHVRKALRIMGPGKLINCYGPT,EGTVFATAHVVHDLPDSISSLPIGKP"
Seq 2VSQ_1|Chain A|SURFACTIN SYNTHETASE SUBUNIT 3|BACILLUS SUBTILIS (1423),"D,A,F,F,L,G,C,V,F",AMP-binding,947,952,10,GKVNKR,,-,-,"5","37,46,25,25,26","GNITTHANIQGLVKHVDYMAFSDQDTFLSVSNYAFDA,FTFDFYASMLNAARLIIADEHTLLDTERLTDLILQENVNVMFATTA,LFNLLTDAGEDWMKGLRCILFGGER,ASVPHVRKALRIMGPGKLINCYGPT,EGTVFATAHVVHDLPDSISSLPIGKP"
Seq 2VSQ_1|Chain A|SURFACTIN SYNTHETASE SUBUNIT 3|BACILLUS SUBTILIS (1423),"",PP-binding,953,975,inter,,LLPKPDQDQLAEEWIGPRNEMEE,-,-,"","",""
Seq 2VSQ_1|Chain A|SURFACTIN SYNTHETASE SUBUNIT 3|BACILLUS SUBTILIS (1423),"",PP-binding,976,986,T_alpha,TIAQIWSEVLG,,-,-,"","",""
Seq 2VSQ_1|Chain A|SURFACTIN SYNTHETASE SUBUNIT 3|BACILLUS SUBTILIS (1423),"",PP-binding,987,994,inter,,RKQIGIHD,-,-,"","",""
Seq 2VSQ_1|Chain A|SURFACTIN SYNTHETASE SUBUNIT 3|BACILLUS SUBTILIS (1423),"",PP-binding,995,1005,1,DFFALGGHALK,,-,-,"","",""
Seq 2VSQ_1|Chain A|SURFACTIN SYNTHETASE SUBUNIT 3|BACILLUS SUBTILIS (1423),"",Thioesterase,1006,1118,inter,,AMTAASRIKKELGIDLPVKLLFEAPTIAGISAYLKNGGSDGLQDVTIMNQDQEQIIFAFPPVLGYGLMYQNLSSRLPSYKLCAFDFIEEEDRLDRYADLIQKLQPEGPLTLFG,-,-,"","",""
Seq 2VSQ_1|Chain A|SURFACTIN SYNTHETASE SUBUNIT 3|BACILLUS SUBTILIS (1423),"",Thioesterase,1119,1123,1,YSAGC,,-,-,"","",""
Seq 4ZXI_1|Chain A|Tyrocidine synthetase 3|Acinetobacter baumannii (strain AB307-0294) (557600),"",Condensation,1,17,inter,,GHMNNLARLEPEVLSRH,LCL,216.2,"","",""
Seq 4ZXI_1|Chain A|Tyrocidine synthetase 3|Acinetobacter baumannii (strain AB307-0294) (557600),"",Condensation,18,29,1,AISSEQLGIWYI,,LCL,216.2,"","",""
Seq 4ZXI_1|Chain A|Tyrocidine synthetase 3|Acinetobacter baumannii (strain AB307-0294) (557600),"",Condensation,30,67,inter,,QRLEPTCSAYNMVVAFDVKVNQSLGNKPIEILEAVMHD,LCL,216.2,"","",""
Seq 4ZXI_1|Chain A|Tyrocidine synthetase 3|Acinetobacter baumannii (strain AB307-0294) (557600),"",Condensation,68,76,2,YPLLRVSMP,,LCL,216.2,"","",""
Seq 4ZXI_1|Chain A|Tyrocidine synthetase 3|Acinetobacter baumannii (strain AB307-0294) (557600),"",Condensation,77,146,inter,,ANDQGIEQLIWDRVYPNIIFSDARHIEASDLTQLVEQDTKQPFDLTQPPLWRIHCYECGQNHYVIAFVIH,LCL,216.2,"","",""
Seq 4ZXI_1|Chain A|Tyrocidine synthetase 3|Acinetobacter baumannii (strain AB307-0294) (557600),"",Condensation,147,155,3,HALMDFWSI,,LCL,216.2,"","",""
Seq 4ZXI_1|Chain A|Tyrocidine synthetase 3|Acinetobacter baumannii (strain AB307-0294) (557600),"",Condensation,156,177,inter,,GLLLRDVSKRFGLVAESDAVNG,LCL,216.2,"","",""
Seq 4ZXI_1|Chain A|Tyrocidine synthetase 3|Acinetobacter baumannii (strain AB307-0294) (557600),"",Condensation,178,188,4,IEFVQYADKQQ,,LCL,216.2,"","",""
Seq 4ZXI_1|Chain A|Tyrocidine synthetase 3|Acinetobacter baumannii (strain AB307-0294) (557600),"",Condensation,189,275,inter,,SSVIDDTDESLIFWKNALKHAPHVHSIPLDYPRPAVQQHKGSSLVFRVSESVSSGLVNLAKDYEITLFGLVLSGFYVLLHKLSNENN,LCL,216.2,"","",""
Seq 4ZXI_1|Chain A|Tyrocidine synthetase 3|Acinetobacter baumannii (strain AB307-0294) (557600),"",Condensation,276,305,5,LVIATPVAGRLERSLRNALGQFVNTIAIHM,,LCL,216.2,"","",""
Seq 4ZXI_1|Chain A|Tyrocidine synthetase 3|Acinetobacter baumannii (strain AB307-0294) (557600),"",Condensation,306,330,inter,,DIDADQTLRQFTQQVQEQLRQSLKH,LCL,216.2,"","",""
Seq 4ZXI_1|Chain A|Tyrocidine synthetase 3|Acinetobacter baumannii (strain AB307-0294) (557600),"",Condensation,331,341,6,QKIAFSRVVEA,,LCL,216.2,"","",""
Seq 4ZXI_1|Chain A|Tyrocidine synthetase 3|Acinetobacter baumannii (strain AB307-0294) (557600),"",Condensation,342,351,inter,,VSPKRDGSIN,LCL,216.2,"","",""
Seq 4ZXI_1|Chain A|Tyrocidine synthetase 3|Acinetobacter baumannii (strain AB307-0294) (557600),"",Condensation,352,362,7,PLAQIGMFWER,,LCL,216.2,"","",""
Seq 4ZXI_1|Chain A|Tyrocidine synthetase 3|Acinetobacter baumannii (strain AB307-0294) (557600),"D,I,L,Q,L,G,V,V,W",AMP-binding,363,495,inter,,LGGMDEFKELLLPIQTPATLVGQDLTLGSFPVRQQEGQLDITLEMGGEYQGELVGVLKYNTDLFSAQSAENMVQLLQAVLSEMVAHPERKIVELDIAPDYKDGIQFEALRGKATDYAQHDLFAMILKQIDERG,-,-,"3","38,46,24,23,22","GVRIGHPSIINFLLSMNDRLQVTTETQLLAITTYAFDI,SILELLIPLMYGGVVHVCPREVSQDGIQLVDYLNAKSINVLQATPA,TWKMLLDSEWSGNAGLTALCGGEA,LDTILAEKLLGKVGCLWNVYGPT,ETTVWSSAARITDAKYIDLGEP"
Seq 4ZXI_1|Chain A|Tyrocidine synthetase 3|Acinetobacter baumannii (strain AB307-0294) (557600),"D,I,L,Q,L,G,V,V,W",AMP-binding,496,500,A_alpha,DNHAL,,-,-,"3","38,46,24,23,22","GVRIGHPSIINFLLSMNDRLQVTTETQLLAITTYAFDI,SILELLIPLMYGGVVHVCPREVSQDGIQLVDYLNAKSINVLQATPA,TWKMLLDSEWSGNAGLTALCGGEA,LDTILAEKLLGKVGCLWNVYGPT,ETTVWSSAARITDAKYIDLGEP"
Seq 4ZXI_1|Chain A|Tyrocidine synthetase 3|Acinetobacter baumannii (strain AB307-0294) (557600),"D,I,L,Q,L,G,V,V,W",AMP-binding,501,507,inter,,TSNDHTV,-,-,"3","38,46,24,23,22","GVRIGHPSIINFLLSMNDRLQVTTETQLLAITTYAFDI,SILELLIPLMYGGVVHVCPREVSQDGIQLVDYLNAKSINVLQATPA,TWKMLLDSEWSGNAGLTALCGGEA,LDTILAEKLLGKVGCLWNVYGPT,ETTVWSSAARITDAKYIDLGEP"
Seq 4ZXI_1|Chain A|Tyrocidine synthetase 3|Acinetobacter baumannii (strain AB307-0294) (557600),"D,I,L,Q,L,G,V,V,W",AMP-binding,508,513,1,SYRELG,,-,-,"3","38,46,24,23,22","GVRIGHPSIINFLLSMNDRLQVTTETQLLAITTYAFDI,SILELLIPLMYGGVVHVCPREVSQDGIQLVDYLNAKSINVLQATPA,TWKMLLDSEWSGNAGLTALCGGEA,LDTILAEKLLGKVGCLWNVYGPT,ETTVWSSAARITDAKYIDLGEP"
Seq 4ZXI_1|Chain A|Tyrocidine synthetase 3|Acinetobacter baumannii (strain AB307-0294) (557600),"D,I,L,Q,L,G,V,V,W",AMP-binding,514,549,inter,,QHIAGIAEYLRAHGITQGDRVGLMLDRTALLPAAIL,-,-,"3","38,46,24,23,22","GVRIGHPSIINFLLSMNDRLQVTTETQLLAITTYAFDI,SILELLIPLMYGGVVHVCPREVSQDGIQLVDYLNAKSINVLQATPA,TWKMLLDSEWSGNAGLTALCGGEA,LDTILAEKLLGKVGCLWNVYGPT,ETTVWSSAARITDAKYIDLGEP"
Seq 4ZXI_1|Chain A|Tyrocidine synthetase 3|Acinetobacter baumannii (strain AB307-0294) (557600),"D,I,L,Q,L,G,V,V,W",AMP-binding,550,563,2,GIWAAGAAYVPLDP,,-,-,"3","38,46,24,23,22","GVRIGHPSIINFLLSMNDRLQVTTETQLLAITTYAFDI,SILELLIPLMYGGVVHVCPREVSQDGIQLVDYLNAKSINVLQATPA,TWKMLLDSEWSGNAGLTALCGGEA,LDTILAEKLLGKVGCLWNVYGPT,ETTVWSSAARITDAKYIDLGEP"
Seq 4ZXI_1|Chain A|Tyrocidine synthetase 3|Acinetobacter baumannii (strain AB307-0294) (557600),"D,I,L,Q,L,G,V,V,W",AMP-binding,564,621,inter,,NFPTERLQNIIEDAEPKVILTQTELMDGLNVSVPRLDINQAGVVALEQVRETLAFGDI,-,-,"3","38,46,24,23,22","GVRIGHPSIINFLLSMNDRLQVTTETQLLAITTYAFDI,SILELLIPLMYGGVVHVCPREVSQDGIQLVDYLNAKSINVLQATPA,TWKMLLDSEWSGNAGLTALCGGEA,LDTILAEKLLGKVGCLWNVYGPT,ETTVWSSAARITDAKYIDLGEP"
Seq 4ZXI_1|Chain A|Tyrocidine synthetase 3|Acinetobacter baumannii (strain AB307-0294) (557600),"D,I,L,Q,L,G,V,V,W",AMP-binding,622,637,3,AYVMYTSGSTGKPKGV,,-,-,"3","38,46,24,23,22","GVRIGHPSIINFLLSMNDRLQVTTETQLLAITTYAFDI,SILELLIPLMYGGVVHVCPREVSQDGIQLVDYLNAKSINVLQATPA,TWKMLLDSEWSGNAGLTALCGGEA,LDTILAEKLLGKVGCLWNVYGPT,ETTVWSSAARITDAKYIDLGEP"
Seq 4ZXI_1|Chain A|Tyrocidine synthetase 3|Acinetobacter baumannii (strain AB307-0294) (557600),"D,I,L,Q,L,G,V,V,W",AMP-binding,638,671,inter,,RIGHPSIINFLLSMNDRLQVTTETQLLAITTYAF,-,-,"3","38,46,24,23,22","GVRIGHPSIINFLLSMNDRLQVTTETQLLAITTYAFDI,SILELLIPLMYGGVVHVCPREVSQDGIQLVDYLNAKSINVLQATPA,TWKMLLDSEWSGNAGLTALCGGEA,LDTILAEKLLGKVGCLWNVYGPT,ETTVWSSAARITDAKYIDLGEP"
Seq 4ZXI_1|Chain A|Tyrocidine synthetase 3|Acinetobacter baumannii (strain AB307-0294) (557600),"D,I,L,Q,L,G,V,V,W",AMP-binding,672,675,4,DISI,,-,-,"3","38,46,24,23,22","GVRIGHPSIINFLLSMNDRLQVTTETQLLAITTYAFDI,SILELLIPLMYGGVVHVCPREVSQDGIQLVDYLNAKSINVLQATPA,TWKMLLDSEWSGNAGLTALCGGEA,LDTILAEKLLGKVGCLWNVYGPT,ETTVWSSAARITDAKYIDLGEP"
Seq 4ZXI_1|Chain A|Tyrocidine synthetase 3|Acinetobacter baumannii (strain AB307-0294) (557600),"D,I,L,Q,L,G,V,V,W",AMP-binding,676,761,inter,,LELLIPLMYGGVVHVCPREVSQDGIQLVDYLNAKSINVLQATPATWKMLLDSEWSGNAGLTALCGGEALDTILAEKLLGKVGCLWN,-,-,"3","38,46,24,23,22","GVRIGHPSIINFLLSMNDRLQVTTETQLLAITTYAFDI,SILELLIPLMYGGVVHVCPREVSQDGIQLVDYLNAKSINVLQATPA,TWKMLLDSEWSGNAGLTALCGGEA,LDTILAEKLLGKVGCLWNVYGPT,ETTVWSSAARITDAKYIDLGEP"
Seq 4ZXI_1|Chain A|Tyrocidine synthetase 3|Acinetobacter baumannii (strain AB307-0294) (557600),"D,I,L,Q,L,G,V,V,W",AMP-binding,762,768,5,VYGPTET,,-,-,"3","38,46,24,23,22","GVRIGHPSIINFLLSMNDRLQVTTETQLLAITTYAFDI,SILELLIPLMYGGVVHVCPREVSQDGIQLVDYLNAKSINVLQATPA,TWKMLLDSEWSGNAGLTALCGGEA,LDTILAEKLLGKVGCLWNVYGPT,ETTVWSSAARITDAKYIDLGEP"
Seq 4ZXI_1|Chain A|Tyrocidine synthetase 3|Acinetobacter baumannii (strain AB307-0294) (557600),"D,I,L,Q,L,G,V,V,W",AMP-binding,769,785,inter,,TVWSSAARITDAKYIDL,-,-,"3","38,46,24,23,22","GVRIGHPSIINFLLSMNDRLQVTTETQLLAITTYAFDI,SILELLIPLMYGGVVHVCPREVSQDGIQLVDYLNAKSINVLQATPA,TWKMLLDSEWSGNAGLTALCGGEA,LDTILAEKLLGKVGCLWNVYGPT,ETTVWSSAARITDAKYIDLGEP"
Seq 4ZXI_1|Chain A|Tyrocidine synthetase 3|Acinetobacter baumannii (strain AB307-0294) (557600),"D,I,L,Q,L,G,V,V,W",AMP-binding,786,790,6,GEPLA,,-,-,"3","38,46,24,23,22","GVRIGHPSIINFLLSMNDRLQVTTETQLLAITTYAFDI,SILELLIPLMYGGVVHVCPREVSQDGIQLVDYLNAKSINVLQATPA,TWKMLLDSEWSGNAGLTALCGGEA,LDTILAEKLLGKVGCLWNVYGPT,ETTVWSSAARITDAKYIDLGEP"
Seq 4ZXI_1|Chain A|Tyrocidine synthetase 3|Acinetobacter baumannii (strain AB307-0294) (557600),"D,I,L,Q,L,G,V,V,W",AMP-binding,791,810,inter,,NTQLYVLDEQQRLVPPGVMG,-,-,"3","38,46,24,23,22","GVRIGHPSIINFLLSMNDRLQVTTETQLLAITTYAFDI,SILELLIPLMYGGVVHVCPREVSQDGIQLVDYLNAKSINVLQATPA,TWKMLLDSEWSGNAGLTALCGGEA,LDTILAEKLLGKVGCLWNVYGPT,ETTVWSSAARITDAKYIDLGEP"
Seq 4ZXI_1|Chain A|Tyrocidine synthetase 3|Acinetobacter baumannii (strain AB307-0294) (557600),"D,I,L,Q,L,G,V,V,W",AMP-binding,811,825,G,ELWIGGDGLAVDYWQ,,-,-,"3","38,46,24,23,22","GVRIGHPSIINFLLSMNDRLQVTTETQLLAITTYAFDI,SILELLIPLMYGGVVHVCPREVSQDGIQLVDYLNAKSINVLQATPA,TWKMLLDSEWSGNAGLTALCGGEA,LDTILAEKLLGKVGCLWNVYGPT,ETTVWSSAARITDAKYIDLGEP"
Seq 4ZXI_1|Chain A|Tyrocidine synthetase 3|Acinetobacter baumannii (strain AB307-0294) (557600),"D,I,L,Q,L,G,V,V,W",AMP-binding,826,847,inter,,RPELTDAQFRTLPSLPNAGRLY,-,-,"3","38,46,24,23,22","GVRIGHPSIINFLLSMNDRLQVTTETQLLAITTYAFDI,SILELLIPLMYGGVVHVCPREVSQDGIQLVDYLNAKSINVLQATPA,TWKMLLDSEWSGNAGLTALCGGEA,LDTILAEKLLGKVGCLWNVYGPT,ETTVWSSAARITDAKYIDLGEP"
Seq 4ZXI_1|Chain A|Tyrocidine synthetase 3|Acinetobacter baumannii (strain AB307-0294) (557600),"D,I,L,Q,L,G,V,V,W",AMP-binding,848,853,7,RTGDKV,,-,-,"3","38,46,24,23,22","GVRIGHPSIINFLLSMNDRLQVTTETQLLAITTYAFDI,SILELLIPLMYGGVVHVCPREVSQDGIQLVDYLNAKSINVLQATPA,TWKMLLDSEWSGNAGLTALCGGEA,LDTILAEKLLGKVGCLWNVYGPT,ETTVWSSAARITDAKYIDLGEP"
Seq 4ZXI_1|Chain A|Tyrocidine synthetase 3|Acinetobacter baumannii (strain AB307-0294) (557600),"D,I,L,Q,L,G,V,V,W",AMP-binding,854,865,inter,,CLRTDGRLTHHG,-,-,"3","38,46,24,23,22","GVRIGHPSIINFLLSMNDRLQVTTETQLLAITTYAFDI,SILELLIPLMYGGVVHVCPREVSQDGIQLVDYLNAKSINVLQATPA,TWKMLLDSEWSGNAGLTALCGGEA,LDTILAEKLLGKVGCLWNVYGPT,ETTVWSSAARITDAKYIDLGEP"
Seq 4ZXI_1|Chain A|Tyrocidine synthetase 3|Acinetobacter baumannii (strain AB307-0294) (557600),"D,I,L,Q,L,G,V,V,W",AMP-binding,866,875,8,RLDFQVKIRG,,-,-,"3","38,46,24,23,22","GVRIGHPSIINFLLSMNDRLQVTTETQLLAITTYAFDI,SILELLIPLMYGGVVHVCPREVSQDGIQLVDYLNAKSINVLQATPA,TWKMLLDSEWSGNAGLTALCGGEA,LDTILAEKLLGKVGCLWNVYGPT,ETTVWSSAARITDAKYIDLGEP"
Seq 4ZXI_1|Chain A|Tyrocidine synthetase 3|Acinetobacter baumannii (strain AB307-0294) (557600),"D,I,L,Q,L,G,V,V,W",AMP-binding,876,932,inter,,FRIELGEIENVLKQIDGITDAVVLVKTTGDNDQKLVAYVTGQELDIAGLKKNLQIHL,-,-,"3","38,46,24,23,22","GVRIGHPSIINFLLSMNDRLQVTTETQLLAITTYAFDI,SILELLIPLMYGGVVHVCPREVSQDGIQLVDYLNAKSINVLQATPA,TWKMLLDSEWSGNAGLTALCGGEA,LDTILAEKLLGKVGCLWNVYGPT,ETTVWSSAARITDAKYIDLGEP"
Seq 4ZXI_1|Chain A|Tyrocidine synthetase 3|Acinetobacter baumannii (strain AB307-0294) (557600),"D,I,L,Q,L,G,V,V,W",AMP-binding,933,939,9,PAYMVPS,,-,-,"3","38,46,24,23,22","GVRIGHPSIINFLLSMNDRLQVTTETQLLAITTYAFDI,SILELLIPLMYGGVVHVCPREVSQDGIQLVDYLNAKSINVLQATPA,TWKMLLDSEWSGNAGLTALCGGEA,LDTILAEKLLGKVGCLWNVYGPT,ETTVWSSAARITDAKYIDLGEP"
Seq 4ZXI_1|Chain A|Tyrocidine synthetase 3|Acinetobacter baumannii (strain AB307-0294) (557600),"D,I,L,Q,L,G,V,V,W",AMP-binding,940,952,inter,,AFIRLDEFPMTAN,-,-,"3","38,46,24,23,22","GVRIGHPSIINFLLSMNDRLQVTTETQLLAITTYAFDI,SILELLIPLMYGGVVHVCPREVSQDGIQLVDYLNAKSINVLQATPA,TWKMLLDSEWSGNAGLTALCGGEA,LDTILAEKLLGKVGCLWNVYGPT,ETTVWSSAARITDAKYIDLGEP"
Seq 4ZXI_1|Chain A|Tyrocidine synthetase 3|Acinetobacter baumannii (strain AB307-0294) (557600),"D,I,L,Q,L,G,V,V,W",AMP-binding,953,958,10,KKLDRK,,-,-,"3","38,46,24,23,22","GVRIGHPSIINFLLSMNDRLQVTTETQLLAITTYAFDI,SILELLIPLMYGGVVHVCPREVSQDGIQLVDYLNAKSINVLQATPA,TWKMLLDSEWSGNAGLTALCGGEA,LDTILAEKLLGKVGCLWNVYGPT,ETTVWSSAARITDAKYIDLGEP"
Seq 4ZXI_1|Chain A|Tyrocidine synthetase 3|Acinetobacter baumannii (strain AB307-0294) (557600),"",PP-binding,959,981,inter,,AFPEPIFEQSNDYVAPRDPIEIE,-,-,"","",""
Seq 4ZXI_1|Chain A|Tyrocidine synthetase 3|Acinetobacter baumannii (strain AB307-0294) (557600),"",PP-binding,982,991,T_alpha,LCTTFEQILS,,-,-,"","",""
Seq 4ZXI_1|Chain A|Tyrocidine synthetase 3|Acinetobacter baumannii (strain AB307-0294) (557600),"",PP-binding,992,999,inter,,VKRVGIHD,-,-,"","",""
Seq 4ZXI_1|Chain A|Tyrocidine synthetase 3|Acinetobacter baumannii (strain AB307-0294) (557600),"",PP-binding,1000,1010,1,DFFELGGHSLL,,-,-,"","",""
Seq 4ZXI_1|Chain A|Tyrocidine synthetase 3|Acinetobacter baumannii (strain AB307-0294) (557600),"",Thioesterase,1011,1135,inter,,AVKLVNHLKKAFGTELSVALLAQYSTVERLGEIIRENKEIKPSIVIELRRGTYEQPLWLFHPIGGSTFCYMELSRHLNPNRTLRAIQSPGLIEADAAEVAIEEMATLYIAEMQKMQPQGPYFLGG,-,-,"","",""
Seq 4ZXI_1|Chain A|Tyrocidine synthetase 3|Acinetobacter baumannii (strain AB307-0294) (557600),"",Thioesterase,1136,1140,1,WCFGG,,-,-,"","",""
Seq 6LTA_1|Chain A|Nonribosomal peptide synthetase|Streptomyces sp. Sp080513GE-23 (630397),"",Condensation,1,57,inter,,MNHKVHHHHHHIEGRHMTISVPGHGTLGAPDGAAAPGGEAAELPPLVPEPGDAGQPF,Cyc,371.6,"","",""
Seq 6LTA_1|Chain A|Nonribosomal peptide synthetase|Streptomyces sp. Sp080513GE-23 (630397),"",Condensation,58,71,1,PLTPTQQALWVGRA,,Cyc,371.6,"","",""
Seq 6LTA_1|Chain A|Nonribosomal peptide synthetase|Streptomyces sp. Sp080513GE-23 (630397),"",Condensation,72,107,inter,,DAVDLGDIGCYGYFEWERPELDLARYRRAWERLVAH,Cyc,371.6,"","",""
Seq 6LTA_1|Chain A|Nonribosomal peptide synthetase|Streptomyces sp. Sp080513GE-23 (630397),"",Condensation,108,116,2,HPGLRTVVR,,Cyc,371.6,"","",""
Seq 6LTA_1|Chain A|Nonribosomal peptide synthetase|Streptomyces sp. Sp080513GE-23 (630397),"",Condensation,117,185,inter,,PDGTQHVLERPGPVPITVEDLRQDPDAVRRLEESRAERGHRALDPGTWPMFDLRVVLLSGRVRVQLGID,Cyc,371.6,"","",""
Seq 6LTA_1|Chain A|Nonribosomal peptide synthetase|Streptomyces sp. Sp080513GE-23 (630397),"",Condensation,186,194,3,LQLMDASSL,,Cyc,371.6,"","",""
Seq 6LTA_1|Chain A|Nonribosomal peptide synthetase|Streptomyces sp. Sp080513GE-23 (630397),"",Condensation,195,220,inter,,FLNLFSDLVTLYDDPDAALASQKLAF,Cyc,371.6,"","",""
Seq 6LTA_1|Chain A|Nonribosomal peptide synthetase|Streptomyces sp. Sp080513GE-23 (630397),"",Condensation,221,225,4,RDFAR,,Cyc,371.6,"","",""
Seq 6LTA_1|Chain A|Nonribosomal peptide synthetase|Streptomyces sp. Sp080513GE-23 (630397),"",Condensation,226,317,inter,,WLEEDVRGGARWRADWAYWQERLDGLPPAPDLPAARYGAQGPGKFERCMVRCPAEEFALLRERALAHGLTETELLVGAFAEVLRGWSSDPAF,Cyc,371.6,"","",""
Seq 6LTA_1|Chain A|Nonribosomal peptide synthetase|Streptomyces sp. Sp080513GE-23 (630397),"",Condensation,318,346,5,TLNVPVFQRFDVPGIEDVIGDYTNPILLE,,Cyc,371.6,"","",""
Seq 6LTA_1|Chain A|Nonribosomal peptide synthetase|Streptomyces sp. Sp080513GE-23 (630397),"",Condensation,347,371,inter,,ARPEGRTVAERIVALAARLRADTRH,Cyc,371.6,"","",""
Seq 6LTA_1|Chain A|Nonribosomal peptide synthetase|Streptomyces sp. Sp080513GE-23 (630397),"",Condensation,372,382,6,ASVNGVEVLRE,,Cyc,371.6,"","",""
Seq 6LTA_1|Chain A|Nonribosomal peptide synthetase|Streptomyces sp. Sp080513GE-23 (630397),"",Condensation,383,395,inter,,LARRRGLAAAAMP,Cyc,371.6,"","",""
Seq 6LTA_1|Chain A|Nonribosomal peptide synthetase|Streptomyces sp. Sp080513GE-23 (630397),"",Condensation,396,404,7,VVVTSLLGL,,Cyc,371.6,"","",""
Seq 6LTA_1|Chain A|Nonribosomal peptide synthetase|Streptomyces sp. Sp080513GE-23 (630397),"D,A,Y,N,V,S,S,C,W",AMP-binding,405,523,inter,,PSAARSITEFGTEVHSITQTPQVSLDFQIRPEDGELRLVWDHRSGAFAPGVVEGAFEAFLDLVGRMLADEPGHGVWEAPFADMRSRRDRAVWNETNDTAEPVPAVLLQERFFAQARRTP,-,-,"5","38,46,29,25,26","GVVVAHRGVANLVRDVRRRFAVTPADRLLALSGLHFDA,SVYDVFGPLACGATVVVPPPFRRAEPDVWAELVRDERVTFWNSVPV,LLELLVGEAESRDDRPLATLRLAVVSGDW,IPLDLPGRARAQAPGLRVVGSGGPT,ETICWSLFHPIDAVDPQWTSIPYGKP"
Seq 6LTA_1|Chain A|Nonribosomal peptide synthetase|Streptomyces sp. Sp080513GE-23 (630397),"D,A,Y,N,V,S,S,C,W",AMP-binding,524,528,A_alpha,DAEAV,,-,-,"5","38,46,29,25,26","GVVVAHRGVANLVRDVRRRFAVTPADRLLALSGLHFDA,SVYDVFGPLACGATVVVPPPFRRAEPDVWAELVRDERVTFWNSVPV,LLELLVGEAESRDDRPLATLRLAVVSGDW,IPLDLPGRARAQAPGLRVVGSGGPT,ETICWSLFHPIDAVDPQWTSIPYGKP"
Seq 6LTA_1|Chain A|Nonribosomal peptide synthetase|Streptomyces sp. Sp080513GE-23 (630397),"D,A,Y,N,V,S,S,C,W",AMP-binding,529,535,inter,,VASGLRL,-,-,"5","38,46,29,25,26","GVVVAHRGVANLVRDVRRRFAVTPADRLLALSGLHFDA,SVYDVFGPLACGATVVVPPPFRRAEPDVWAELVRDERVTFWNSVPV,LLELLVGEAESRDDRPLATLRLAVVSGDW,IPLDLPGRARAQAPGLRVVGSGGPT,ETICWSLFHPIDAVDPQWTSIPYGKP"
Seq 6LTA_1|Chain A|Nonribosomal peptide synthetase|Streptomyces sp. Sp080513GE-23 (630397),"D,A,Y,N,V,S,S,C,W",AMP-binding,536,541,1,TYDELA,,-,-,"5","38,46,29,25,26","GVVVAHRGVANLVRDVRRRFAVTPADRLLALSGLHFDA,SVYDVFGPLACGATVVVPPPFRRAEPDVWAELVRDERVTFWNSVPV,LLELLVGEAESRDDRPLATLRLAVVSGDW,IPLDLPGRARAQAPGLRVVGSGGPT,ETICWSLFHPIDAVDPQWTSIPYGKP"
Seq 6LTA_1|Chain A|Nonribosomal peptide synthetase|Streptomyces sp. Sp080513GE-23 (630397),"D,A,Y,N,V,S,S,C,W",AMP-binding,542,577,inter,,RHAYRIGNTLRERGVRPGDLVGVVMEKGWEQYAAVY,-,-,"5","38,46,29,25,26","GVVVAHRGVANLVRDVRRRFAVTPADRLLALSGLHFDA,SVYDVFGPLACGATVVVPPPFRRAEPDVWAELVRDERVTFWNSVPV,LLELLVGEAESRDDRPLATLRLAVVSGDW,IPLDLPGRARAQAPGLRVVGSGGPT,ETICWSLFHPIDAVDPQWTSIPYGKP"
Seq 6LTA_1|Chain A|Nonribosomal peptide synthetase|Streptomyces sp. Sp080513GE-23 (630397),"D,A,Y,N,V,S,S,C,W",AMP-binding,578,591,2,GILAAGGAYLPIDA,,-,-,"5","38,46,29,25,26","GVVVAHRGVANLVRDVRRRFAVTPADRLLALSGLHFDA,SVYDVFGPLACGATVVVPPPFRRAEPDVWAELVRDERVTFWNSVPV,LLELLVGEAESRDDRPLATLRLAVVSGDW,IPLDLPGRARAQAPGLRVVGSGGPT,ETICWSLFHPIDAVDPQWTSIPYGKP"
Seq 6LTA_1|Chain A|Nonribosomal peptide synthetase|Streptomyces sp. Sp080513GE-23 (630397),"D,A,Y,N,V,S,S,C,W",AMP-binding,592,652,inter,,ASPRGRVARLLESAGAGIVLTQSRLRDELDLPAGTTVLRADTDFETASTAPLTPVQGPDDP,-,-,"5","38,46,29,25,26","GVVVAHRGVANLVRDVRRRFAVTPADRLLALSGLHFDA,SVYDVFGPLACGATVVVPPPFRRAEPDVWAELVRDERVTFWNSVPV,LLELLVGEAESRDDRPLATLRLAVVSGDW,IPLDLPGRARAQAPGLRVVGSGGPT,ETICWSLFHPIDAVDPQWTSIPYGKP"
Seq 6LTA_1|Chain A|Nonribosomal peptide synthetase|Streptomyces sp. Sp080513GE-23 (630397),"D,A,Y,N,V,S,S,C,W",AMP-binding,653,668,3,AYVIYTSGSTGEPKGV,,-,-,"5","38,46,29,25,26","GVVVAHRGVANLVRDVRRRFAVTPADRLLALSGLHFDA,SVYDVFGPLACGATVVVPPPFRRAEPDVWAELVRDERVTFWNSVPV,LLELLVGEAESRDDRPLATLRLAVVSGDW,IPLDLPGRARAQAPGLRVVGSGGPT,ETICWSLFHPIDAVDPQWTSIPYGKP"
Seq 6LTA_1|Chain A|Nonribosomal peptide synthetase|Streptomyces sp. Sp080513GE-23 (630397),"D,A,Y,N,V,S,S,C,W",AMP-binding,669,702,inter,,VVAHRGVANLVRDVRRRFAVTPADRLLALSGLHF,-,-,"5","38,46,29,25,26","GVVVAHRGVANLVRDVRRRFAVTPADRLLALSGLHFDA,SVYDVFGPLACGATVVVPPPFRRAEPDVWAELVRDERVTFWNSVPV,LLELLVGEAESRDDRPLATLRLAVVSGDW,IPLDLPGRARAQAPGLRVVGSGGPT,ETICWSLFHPIDAVDPQWTSIPYGKP"
Seq 6LTA_1|Chain A|Nonribosomal peptide synthetase|Streptomyces sp. Sp080513GE-23 (630397),"D,A,Y,N,V,S,S,C,W",AMP-binding,703,706,4,DASV,,-,-,"5","38,46,29,25,26","GVVVAHRGVANLVRDVRRRFAVTPADRLLALSGLHFDA,SVYDVFGPLACGATVVVPPPFRRAEPDVWAELVRDERVTFWNSVPV,LLELLVGEAESRDDRPLATLRLAVVSGDW,IPLDLPGRARAQAPGLRVVGSGGPT,ETICWSLFHPIDAVDPQWTSIPYGKP"
Seq 6LTA_1|Chain A|Nonribosomal peptide synthetase|Streptomyces sp. Sp080513GE-23 (630397),"D,A,Y,N,V,S,S,C,W",AMP-binding,707,799,inter,,YDVFGPLACGATVVVPPPFRRAEPDVWAELVRDERVTFWNSVPVLLELLVGEAESRDDRPLATLRLAVVSGDWIPLDLPGRARAQAPGLRVVG,-,-,"5","38,46,29,25,26","GVVVAHRGVANLVRDVRRRFAVTPADRLLALSGLHFDA,SVYDVFGPLACGATVVVPPPFRRAEPDVWAELVRDERVTFWNSVPV,LLELLVGEAESRDDRPLATLRLAVVSGDW,IPLDLPGRARAQAPGLRVVGSGGPT,ETICWSLFHPIDAVDPQWTSIPYGKP"
Seq 6LTA_1|Chain A|Nonribosomal peptide synthetase|Streptomyces sp. Sp080513GE-23 (630397),"D,A,Y,N,V,S,S,C,W",AMP-binding,800,806,5,SGGPTET,,-,-,"5","38,46,29,25,26","GVVVAHRGVANLVRDVRRRFAVTPADRLLALSGLHFDA,SVYDVFGPLACGATVVVPPPFRRAEPDVWAELVRDERVTFWNSVPV,LLELLVGEAESRDDRPLATLRLAVVSGDW,IPLDLPGRARAQAPGLRVVGSGGPT,ETICWSLFHPIDAVDPQWTSIPYGKP"
Seq 6LTA_1|Chain A|Nonribosomal peptide synthetase|Streptomyces sp. Sp080513GE-23 (630397),"D,A,Y,N,V,S,S,C,W",AMP-binding,807,827,inter,,ICWSLFHPIDAVDPQWTSIPY,-,-,"5","38,46,29,25,26","GVVVAHRGVANLVRDVRRRFAVTPADRLLALSGLHFDA,SVYDVFGPLACGATVVVPPPFRRAEPDVWAELVRDERVTFWNSVPV,LLELLVGEAESRDDRPLATLRLAVVSGDW,IPLDLPGRARAQAPGLRVVGSGGPT,ETICWSLFHPIDAVDPQWTSIPYGKP"
Seq 6LTA_1|Chain A|Nonribosomal peptide synthetase|Streptomyces sp. Sp080513GE-23 (630397),"D,A,Y,N,V,S,S,C,W",AMP-binding,828,832,6,GKPIA,,-,-,"5","38,46,29,25,26","GVVVAHRGVANLVRDVRRRFAVTPADRLLALSGLHFDA,SVYDVFGPLACGATVVVPPPFRRAEPDVWAELVRDERVTFWNSVPV,LLELLVGEAESRDDRPLATLRLAVVSGDW,IPLDLPGRARAQAPGLRVVGSGGPT,ETICWSLFHPIDAVDPQWTSIPYGKP"
Seq 6LTA_1|Chain A|Nonribosomal peptide synthetase|Streptomyces sp. Sp080513GE-23 (630397),"D,A,Y,N,V,S,S,C,W",AMP-binding,833,852,inter,,NQRYYIVDRDLRPRPTWARG,-,-,"5","38,46,29,25,26","GVVVAHRGVANLVRDVRRRFAVTPADRLLALSGLHFDA,SVYDVFGPLACGATVVVPPPFRRAEPDVWAELVRDERVTFWNSVPV,LLELLVGEAESRDDRPLATLRLAVVSGDW,IPLDLPGRARAQAPGLRVVGSGGPT,ETICWSLFHPIDAVDPQWTSIPYGKP"
Seq 6LTA_1|Chain A|Nonribosomal peptide synthetase|Streptomyces sp. Sp080513GE-23 (630397),"D,A,Y,N,V,S,S,C,W",AMP-binding,853,868,G,EMAVASPLGLALGYLN,,-,-,"5","38,46,29,25,26","GVVVAHRGVANLVRDVRRRFAVTPADRLLALSGLHFDA,SVYDVFGPLACGATVVVPPPFRRAEPDVWAELVRDERVTFWNSVPV,LLELLVGEAESRDDRPLATLRLAVVSGDW,IPLDLPGRARAQAPGLRVVGSGGPT,ETICWSLFHPIDAVDPQWTSIPYGKP"
Seq 6LTA_1|Chain A|Nonribosomal peptide synthetase|Streptomyces sp. Sp080513GE-23 (630397),"D,A,Y,N,V,S,S,C,W",AMP-binding,869,888,inter,,DPERTAAKFVTLPGTGERAY,-,-,"5","38,46,29,25,26","GVVVAHRGVANLVRDVRRRFAVTPADRLLALSGLHFDA,SVYDVFGPLACGATVVVPPPFRRAEPDVWAELVRDERVTFWNSVPV,LLELLVGEAESRDDRPLATLRLAVVSGDW,IPLDLPGRARAQAPGLRVVGSGGPT,ETICWSLFHPIDAVDPQWTSIPYGKP"
Seq 6LTA_1|Chain A|Nonribosomal peptide synthetase|Streptomyces sp. Sp080513GE-23 (630397),"D,A,Y,N,V,S,S,C,W",AMP-binding,889,894,7,LTGDFG,,-,-,"5","38,46,29,25,26","GVVVAHRGVANLVRDVRRRFAVTPADRLLALSGLHFDA,SVYDVFGPLACGATVVVPPPFRRAEPDVWAELVRDERVTFWNSVPV,LLELLVGEAESRDDRPLATLRLAVVSGDW,IPLDLPGRARAQAPGLRVVGSGGPT,ETICWSLFHPIDAVDPQWTSIPYGKP"
Seq 6LTA_1|Chain A|Nonribosomal peptide synthetase|Streptomyces sp. Sp080513GE-23 (630397),"D,A,Y,N,V,S,S,C,W",AMP-binding,895,906,inter,,RLLPDGGIEILG,-,-,"5","38,46,29,25,26","GVVVAHRGVANLVRDVRRRFAVTPADRLLALSGLHFDA,SVYDVFGPLACGATVVVPPPFRRAEPDVWAELVRDERVTFWNSVPV,LLELLVGEAESRDDRPLATLRLAVVSGDW,IPLDLPGRARAQAPGLRVVGSGGPT,ETICWSLFHPIDAVDPQWTSIPYGKP"
Seq 6LTA_1|Chain A|Nonribosomal peptide synthetase|Streptomyces sp. Sp080513GE-23 (630397),"D,A,Y,N,V,S,S,C,W",AMP-binding,907,916,8,REDFQVKVAG,,-,-,"5","38,46,29,25,26","GVVVAHRGVANLVRDVRRRFAVTPADRLLALSGLHFDA,SVYDVFGPLACGATVVVPPPFRRAEPDVWAELVRDERVTFWNSVPV,LLELLVGEAESRDDRPLATLRLAVVSGDW,IPLDLPGRARAQAPGLRVVGSGGPT,ETICWSLFHPIDAVDPQWTSIPYGKP"
Seq 6LTA_1|Chain A|Nonribosomal peptide synthetase|Streptomyces sp. Sp080513GE-23 (630397),"D,A,Y,N,V,S,S,C,W",AMP-binding,917,976,inter,,QRIELGEIEALLHRADGVRAAVVTAPRSSADVVRLQAFVVPETGARLSADALREHLSAEL,-,-,"5","38,46,29,25,26","GVVVAHRGVANLVRDVRRRFAVTPADRLLALSGLHFDA,SVYDVFGPLACGATVVVPPPFRRAEPDVWAELVRDERVTFWNSVPV,LLELLVGEAESRDDRPLATLRLAVVSGDW,IPLDLPGRARAQAPGLRVVGSGGPT,ETICWSLFHPIDAVDPQWTSIPYGKP"
Seq 6LTA_1|Chain A|Nonribosomal peptide synthetase|Streptomyces sp. Sp080513GE-23 (630397),"D,A,Y,N,V,S,S,C,W",AMP-binding,977,983,9,PAAMVPA,,-,-,"5","38,46,29,25,26","GVVVAHRGVANLVRDVRRRFAVTPADRLLALSGLHFDA,SVYDVFGPLACGATVVVPPPFRRAEPDVWAELVRDERVTFWNSVPV,LLELLVGEAESRDDRPLATLRLAVVSGDW,IPLDLPGRARAQAPGLRVVGSGGPT,ETICWSLFHPIDAVDPQWTSIPYGKP"
Seq 6LTA_1|Chain A|Nonribosomal peptide synthetase|Streptomyces sp. Sp080513GE-23 (630397),"D,A,Y,N,V,S,S,C,W",AMP-binding,984,996,inter,,AIRLLPELPLTAN,-,-,"5","38,46,29,25,26","GVVVAHRGVANLVRDVRRRFAVTPADRLLALSGLHFDA,SVYDVFGPLACGATVVVPPPFRRAEPDVWAELVRDERVTFWNSVPV,LLELLVGEAESRDDRPLATLRLAVVSGDW,IPLDLPGRARAQAPGLRVVGSGGPT,ETICWSLFHPIDAVDPQWTSIPYGKP"
Seq 6LTA_1|Chain A|Nonribosomal peptide synthetase|Streptomyces sp. Sp080513GE-23 (630397),"D,A,Y,N,V,S,S,C,W",AMP-binding,997,1002,10,GKVDRL,,-,-,"5","38,46,29,25,26","GVVVAHRGVANLVRDVRRRFAVTPADRLLALSGLHFDA,SVYDVFGPLACGATVVVPPPFRRAEPDVWAELVRDERVTFWNSVPV,LLELLVGEAESRDDRPLATLRLAVVSGDW,IPLDLPGRARAQAPGLRVVGSGGPT,ETICWSLFHPIDAVDPQWTSIPYGKP"
Seq 6LTA_1|Chain A|Nonribosomal peptide synthetase|Streptomyces sp. Sp080513GE-23 (630397),"",PP-binding,1003,1034,inter,,ALARLAAAPEEAPEPEARTDYAPRTDVGLLAE,-,-,"","",""
Seq 6LTA_1|Chain A|Nonribosomal peptide synthetase|Streptomyces sp. Sp080513GE-23 (630397),"",PP-binding,1035,1045,T_alpha,LVAACVAELLG,,-,-,"","",""
Seq 6LTA_1|Chain A|Nonribosomal peptide synthetase|Streptomyces sp. Sp080513GE-23 (630397),"",PP-binding,1046,1053,inter,,LDEVPTTG,-,-,"","",""
Seq 6LTA_1|Chain A|Nonribosomal peptide synthetase|Streptomyces sp. Sp080513GE-23 (630397),"",PP-binding,1054,1064,1,NFFRLGGDALS,,-,-,"","",""